Product Name,Price
Saymang Buldak Topokki (Pasta Carbonara Flavor) Pack of 2 (tteokbokki) (rice cake)
Wai Wai Veg Masala 65 Gm (Pack of 30)
Maggi Veg Atta Noodles Masala 290 gm
"Wai Wai Zing Hot & Spicy Instant Noodle, 5 Packs, Free Bowl"
Wai Wai Chicken Bhujia Curry 750g
Rara Instant Noodles With Chicken Soup Base 30packs
Wai Wai Chicken 85g (Pack of 30)
Samyang Carbo Spicy Hot Chicken Ramen- 140gm* 5 pcs
Wai Wai Chicken 65 gm (Pack of 30)
Wai Wai Quick Chicken Pizza 70 Gm (Pack of 30)
Yashoda Foods Current Noodles Hot 'n' 2x Spicy Noodles  100gm
Nongshim Soon Veggie Ramyun 5 Pack
Samyang Buldak Jjajang Hot Chicken Flavor Ramen(Pack of 5)
Tiger Brand Atta Noodles 400G
Hot Pot Gourmet Spicy Vegetable Noodles 100G
Yashoda Foods Current Noodles Hot 'n' Spicy Chilli + Pepper 100gm Carton 20 Pieces
Yashoda Foods Current Noodles Hot 'n' Spicy Chilli + Pepper 100gm Pack of 5
Samyang Cheese Spicy Hot Chicken Ramen- 140gm* 5 pcs
CG Wai Wai Quick Masala Curry Instant Noodle 60gm
CG Wai Wai Quick Instant Noodles Chicken Pizza Noodle 60gm Pack of 5
Spartan Egg Chowmein 360G
Asian 2Pm Noodle Akabare Chicken 2X Spicy 100gm Pack of 5
Maggi Masala 2Min Noodles 420G
Wai Wai Quick Masala Curry 30 packs
Sweet Potato Noodle - 200 gm
Current Hot N Lemon Veggie Soup Noodles (Pack of 5 X 100 gm)
Maggi 2-Minute Instant Noodles - Masala - 140 Gm(Pack of 3)
CG Wai Wai Per-Cooked Flavoured Instant Noodles 80gm
Samyang 2x Spicy Hot Chicken Ramen- 140gm* 5 pcs
Current 2X Spicy Noodles (Pack of 5 X 100 gm)
"[OTTOGI] BEIJING JJAJANG RAMEN, Stir Fried Black Bean Flavor, Korean style instant noodle, Jjajang Noodle, Jjajangmyeon, (135g)- 5 Pack"
Samyang Single Spicy Hot Chicken Ramen- 140gm* 5 pcs
Jjajang Buldak Korean Black Bean Sauce 700g(5packs)
Maggi 2-Minute Noodles Masala 70G
Samyang Buldak Carbonara hot Chicken Flavor Topokki Noodle 179gm
CG Wai Wai Quick Instant Noodles Chicken Pizza Noodle 60gm
Nongshim Shin Cup Noodle 68g
CG Wai Wai Quick Masala Curry Instant Noodle 60gm Pack of 5
Nong-Shim Instant Shin Ramyun Noodle Soup 120G(Pack of 5)
Wai Wai Jumbo Pack 30Packs
